<?xml version="1.0" encoding="UTF-8"?>
<project-private xmlns="http://www.netbeans.org/ns/project-private/1">
    <editor-bookmarks xmlns="http://www.netbeans.org/ns/editor-bookmarks/2" lastBookmarkId="0"/>
    <open-files xmlns="http://www.netbeans.org/ns/projectui-open-files/2">
        <group>
            <file>file:/C:/Users/ADMIN/Downloads/akherMaraElhamdulelah/sound/src/Control/EasyStrategy.java</file>
            <file>file:/C:/Users/ADMIN/Downloads/akherMaraElhamdulelah/sound/src/Control/CircusWorldStrategy.java</file>
            <file>file:/C:/Users/ADMIN/Downloads/akherMaraElhamdulelah/sound/src/View/SplashScreen.java</file>
            <file>file:/C:/Users/ADMIN/Downloads/akherMaraElhamdulelah/sound/src/Control/GameConstructor.java</file>
            <file>file:/C:/Users/ADMIN/Downloads/akherMaraElhamdulelah/sound/src/Model/Collsion.java</file>
        </group>
    </open-files>
</project-private>
